[{"id":"user-image-Pershavchytelka.jpg","publicUrl":"np://user.desktop.nicepage.com/Site_268317189/images/Pershavchytelka.jpg","size":123542,"hash":"8QSPdGMwrNHz1sWa7rgantI3y2I=","fileName":"Pershavchytelka.jpg","name":"Pershavchytelka","width":1067,"height":1600,"thumbnail":{"url":"np://user.desktop.nicepage.com/Site_268317189/images/thumbnails/Pershavchytelka.jpg","width":167,"height":250},"folderId":"user-image-folder-4f5348b9-a786-1e4b-66d1-a6b2fd3d26f0","usages":["2739498"]},{"id":"user-image-Skrypal.jpg","publicUrl":"np://user.desktop.nicepage.com/Site_268317189/images/Skrypal.jpg","size":106290,"hash":"t72OsfiLIKl1nzn/zoArhiz6kls=","fileName":"Skrypal.jpg","name":"Skrypal","width":1067,"height":1600,"thumbnail":{"url":"np://user.desktop.nicepage.com/Site_268317189/images/thumbnails/Skrypal.jpg","width":167,"height":250},"folderId":"user-image-folder-4f5348b9-a786-1e4b-66d1-a6b2fd3d26f0","usages":["2739498"]},{"id":"user-image-Dvoieichas.jpg","publicUrl":"np://user.desktop.nicepage.com/Site_268317189/images/Dvoieichas.jpg","size":116158,"hash":"p7plzQc807D3UKnvIMXv9+M5pR0=","fileName":"Dvoieichas.jpg","name":"Dvoieichas","width":1600,"height":1067,"thumbnail":{"url":"np://user.desktop.nicepage.com/Site_268317189/images/thumbnails/Dvoieichas.jpg","width":250,"height":167},"folderId":"user-image-folder-4f5348b9-a786-1e4b-66d1-a6b2fd3d26f0","usages":["2739498"]},{"id":"user-image-Dvoieichas1.jpg","publicUrl":"np://user.desktop.nicepage.com/Site_268317189/images/Dvoieichas1.jpg","size":100812,"hash":"swJFKRGI3U3uqZ/6EXHbamyteAs=","fileName":"Dvoieichas1.jpg","name":"Dvoieichas1","width":1600,"height":1067,"thumbnail":{"url":"np://user.desktop.nicepage.com/Site_268317189/images/thumbnails/Dvoieichas1.jpg","width":250,"height":167},"folderId":"user-image-folder-4f5348b9-a786-1e4b-66d1-a6b2fd3d26f0","usages":["2739498"]},{"id":"user-image-Cat.jpg","publicUrl":"np://user.desktop.nicepage.com/Site_268317189/images/Cat.jpg","size":111584,"hash":"dEUKSBfjIPqBQtFO/Ur8wyH4CyE=","fileName":"Cat.jpg","name":"Cat","width":1067,"height":1600,"thumbnail":{"url":"np://user.desktop.nicepage.com/Site_268317189/images/thumbnails/Cat.jpg","width":167,"height":250},"folderId":"user-image-folder-4f5348b9-a786-1e4b-66d1-a6b2fd3d26f0","usages":["2739498"]},{"id":"user-image-Portret.jpg","publicUrl":"np://user.desktop.nicepage.com/Site_268317189/images/Portret.jpg","size":103502,"hash":"9ZumKj5AkCjdf5IzUYP9hTicNbU=","fileName":"Portret.jpg","name":"Portret","width":1067,"height":1600,"thumbnail":{"url":"np://user.desktop.nicepage.com/Site_268317189/images/thumbnails/Portret.jpg","width":167,"height":250},"folderId":"user-image-folder-4f5348b9-a786-1e4b-66d1-a6b2fd3d26f0","usages":["2739498"]},{"id":"user-image-Banduryst.jpg","publicUrl":"np://user.desktop.nicepage.com/Site_268317189/images/Banduryst.jpg","size":247204,"hash":"IG9E6VlygMTD2c/KWnB5pNmsSt0=","fileName":"Banduryst.jpg","name":"Banduryst","width":1280,"height":2880,"thumbnail":{"url":"np://user.desktop.nicepage.com/Site_268317189/images/thumbnails/Banduryst.jpg","width":111,"height":250},"folderId":"user-image-folder-4f5348b9-a786-1e4b-66d1-a6b2fd3d26f0","usages":["2739498"]},{"id":"user-image-Vyrmiachiv.jpg","publicUrl":"np://user.desktop.nicepage.com/Site_268317189/images/Vyrmiachiv.jpg","size":594398,"hash":"cxVpk0jbeGZXBdpiWpOCQn4JOcI=","fileName":"Vyrmiachiv.jpg","name":"Vyrmiachiv","width":1280,"height":2880,"thumbnail":{"url":"np://user.desktop.nicepage.com/Site_268317189/images/thumbnails/Vyrmiachiv.jpg","width":111,"height":250},"folderId":"user-image-folder-83233f52-e1c9-149c-367c-27007b3a6b6c","usages":["683020537"]},{"id":"user-image-UsikrapkynadI.jpg","publicUrl":"np://user.desktop.nicepage.com/Site_268317189/images/UsikrapkynadI.jpg","size":597575,"hash":"7YqtEE8PldSyNb5MivUGvWSflDg=","fileName":"UsikrapkynadI.jpg","name":"UsikrapkynadI","width":1280,"height":2877,"thumbnail":{"url":"np://user.desktop.nicepage.com/Site_268317189/images/thumbnails/UsikrapkynadI.jpg","width":111,"height":250},"folderId":"user-image-folder-83233f52-e1c9-149c-367c-27007b3a6b6c","usages":["683020537"]},{"id":"user-image-PershavchytelkaRakurs2.jpg","publicUrl":"np://user.desktop.nicepage.com/Site_268317189/images/PershavchytelkaRakurs2.jpg","size":384932,"hash":"yPaa30S7MGvh+KcXyEd+hbub1Lk=","fileName":"PershavchytelkaRakurs2.jpg","name":"PershavchytelkaRakurs2","width":1280,"height":1280,"thumbnail":{"url":"np://user.desktop.nicepage.com/Site_268317189/images/thumbnails/PershavchytelkaRakurs2.jpg","width":250,"height":250},"folderId":"user-image-folder-83233f52-e1c9-149c-367c-27007b3a6b6c","usages":["683020537"]},{"id":"user-image-SimiaznanaboDbailyvymrukamvchyteliv.jpg","publicUrl":"np://user.desktop.nicepage.com/Site_268317189/images/SimiaznanaboDbailyvymrukamvchyteliv.jpg","size":575193,"hash":"M6BFNTRDJzlUZg8xhPEDPrzwSso=","fileName":"SimiaznanaboDbailyvymrukamvchyteliv.jpg","name":"SimiaznanaboDbailyvymrukamvchyteliv","width":1280,"height":2880,"thumbnail":{"url":"np://user.desktop.nicepage.com/Site_268317189/images/thumbnails/SimiaznanaboDbailyvymrukamvchyteliv.jpg","width":111,"height":250},"folderId":"user-image-folder-83233f52-e1c9-149c-367c-27007b3a6b6c","usages":["683020537"]},{"id":"user-image-PershavchytelkaRakurs1.jpg","publicUrl":"np://user.desktop.nicepage.com/Site_268317189/images/PershavchytelkaRakurs1.jpg","size":314927,"hash":"jxvIjworBSxcVf8Yqugdm3RzRiw=","fileName":"PershavchytelkaRakurs1.jpg","name":"PershavchytelkaRakurs1","width":1280,"height":1280,"thumbnail":{"url":"np://user.desktop.nicepage.com/Site_268317189/images/thumbnails/PershavchytelkaRakurs1.jpg","width":250,"height":250},"folderId":"user-image-folder-83233f52-e1c9-149c-367c-27007b3a6b6c","usages":["683020537"]},{"id":"user-image-PershavchytelkaRakurs3.jpg","publicUrl":"np://user.desktop.nicepage.com/Site_268317189/images/PershavchytelkaRakurs3.jpg","size":274843,"hash":"SsJKCftYib2h/eq5CS1/G88mXW4=","fileName":"PershavchytelkaRakurs3.jpg","name":"PershavchytelkaRakurs3","width":1280,"height":1280,"thumbnail":{"url":"np://user.desktop.nicepage.com/Site_268317189/images/thumbnails/PershavchytelkaRakurs3.jpg","width":250,"height":250},"folderId":"user-image-folder-83233f52-e1c9-149c-367c-27007b3a6b6c","usages":["683020537"]},{"id":"user-image-Yanholshchosurmyt_skulptorAndriiNykyforov.jpg","publicUrl":"np://user.desktop.nicepage.com/Site_268317189/images/Yanholshchosurmyt_skulptorAndriiNykyforov.jpg","size":148262,"hash":"bHKNuNO6RX86srS1kg1dXS6AbOU=","fileName":"Yanholshchosurmyt_skulptorAndriiNykyforov.jpg","name":"Yanholshchosurmyt_skulptorAndriiNykyforov","width":1280,"height":2880,"thumbnail":{"url":"np://user.desktop.nicepage.com/Site_268317189/images/thumbnails/Yanholshchosurmyt_skulptorAndriiNykyforov.jpg","width":111,"height":250},"folderId":"user-image-folder-218d6d4f-89eb-aa28-f0f1-860557bd10ad","usages":["36940349"]},{"id":"user-image-Rulovyi_skulptorAndriiNykyforov.jpg","publicUrl":"np://user.desktop.nicepage.com/Site_268317189/images/Rulovyi_skulptorAndriiNykyforov.jpg","size":142114,"hash":"zD1qokhXGGfWAj+jXDhGnPc7EZE=","fileName":"Rulovyi_skulptorAndriiNykyforov.jpg","name":"Rulovyi_skulptorAndriiNykyforov","width":1280,"height":2880,"thumbnail":{"url":"np://user.desktop.nicepage.com/Site_268317189/images/thumbnails/Rulovyi_skulptorAndriiNykyforov.jpg","width":111,"height":250},"folderId":"user-image-folder-218d6d4f-89eb-aa28-f0f1-860557bd10ad","usages":["36940349"]},{"id":"user-image-Opivnichnazoria_skulptorAndriiNikiforov.jpg","publicUrl":"np://user.desktop.nicepage.com/Site_268317189/images/Opivnichnazoria_skulptorAndriiNikiforov.jpg","size":137368,"hash":"zLh4iNEvr1O6zonRhCdpfvpP7mM=","fileName":"Opivnichnazoria_skulptorAndriiNikiforov.jpg","name":"Opivnichnazoria_skulptorAndriiNikiforov","width":1280,"height":2880,"thumbnail":{"url":"np://user.desktop.nicepage.com/Site_268317189/images/thumbnails/Opivnichnazoria_skulptorAndriiNikiforov.jpg","width":111,"height":250},"folderId":"user-image-folder-218d6d4f-89eb-aa28-f0f1-860557bd10ad","usages":["36940349"]},{"id":"user-image-Biliarichky_skulptorAndriiNykyforov.jpg","publicUrl":"np://user.desktop.nicepage.com/Site_268317189/images/Biliarichky_skulptorAndriiNykyforov.jpg","size":62596,"hash":"gxjkLsCZ2wfavaWTHA90CBhuvfE=","fileName":"Biliarichky_skulptorAndriiNykyforov.jpg","name":"Biliarichky_skulptorAndriiNykyforov","width":1280,"height":1280,"thumbnail":{"url":"np://user.desktop.nicepage.com/Site_268317189/images/thumbnails/Biliarichky_skulptorAndriiNykyforov.jpg","width":250,"height":250},"folderId":"user-image-folder-218d6d4f-89eb-aa28-f0f1-860557bd10ad","usages":["36940349"]},{"id":"user-image-Opivnichnirozdumy_skulptorAndriiNykyforov.jpg","publicUrl":"np://user.desktop.nicepage.com/Site_268317189/images/Opivnichnirozdumy_skulptorAndriiNykyforov.jpg","size":69804,"hash":"tZ2DW15/uk96Y41wEx0YJup0/wY=","fileName":"Opivnichnirozdumy_skulptorAndriiNykyforov.jpg","name":"Opivnichnirozdumy_skulptorAndriiNykyforov","width":1280,"height":1280,"thumbnail":{"url":"np://user.desktop.nicepage.com/Site_268317189/images/thumbnails/Opivnichnirozdumy_skulptorAndriiNykyforov.jpg","width":250,"height":250},"folderId":"user-image-folder-218d6d4f-89eb-aa28-f0f1-860557bd10ad","usages":["36940349"]},{"id":"user-image-Vtemnytsi_skulptorAndriiNykyforov.jpg","publicUrl":"np://user.desktop.nicepage.com/Site_268317189/images/Vtemnytsi_skulptorAndriiNykyforov.jpg","size":128243,"hash":"a+upR5VooMDRmDuqdtkDUqgYB9I=","fileName":"Vtemnytsi_skulptorAndriiNykyforov.jpg","name":"Vtemnytsi_skulptorAndriiNykyforov","width":1280,"height":2880,"thumbnail":{"url":"np://user.desktop.nicepage.com/Site_268317189/images/thumbnails/Vtemnytsi_skulptorAndriiNykyforov.jpg","width":111,"height":250},"folderId":"user-image-folder-218d6d4f-89eb-aa28-f0f1-860557bd10ad","usages":["36940349"]},{"id":"user-image-Pidsontsem_skulptorAndriiNykyforov.jpg","publicUrl":"np://user.desktop.nicepage.com/Site_268317189/images/Pidsontsem_skulptorAndriiNykyforov.jpg","size":80520,"hash":"+LeEuAephQtFoeYIumn+w760P54=","fileName":"Pidsontsem_skulptorAndriiNykyforov.jpg","name":"Pidsontsem_skulptorAndriiNykyforov","width":1280,"height":1280,"thumbnail":{"url":"np://user.desktop.nicepage.com/Site_268317189/images/thumbnails/Pidsontsem_skulptorAndriiNykyforov.jpg","width":250,"height":250},"folderId":"user-image-folder-218d6d4f-89eb-aa28-f0f1-860557bd10ad","usages":["36940349"]},{"id":"user-image-Vranishniazoria_skulptorAndriiNykyforov.jpg","publicUrl":"np://user.desktop.nicepage.com/Site_268317189/images/Vranishniazoria_skulptorAndriiNykyforov.jpg","size":134183,"hash":"nlz0IfqP8K9jRZo9NXzFAiPnwbg=","fileName":"Vranishniazoria_skulptorAndriiNykyforov.jpg","name":"Vranishniazoria_skulptorAndriiNykyforov","width":1280,"height":2880,"thumbnail":{"url":"np://user.desktop.nicepage.com/Site_268317189/images/thumbnails/Vranishniazoria_skulptorAndriiNykyforov.jpg","width":111,"height":250},"folderId":"user-image-folder-218d6d4f-89eb-aa28-f0f1-860557bd10ad","usages":["36940349"]},{"id":"user-image-Vseidechvsemynaech1.jpg","publicUrl":"np://user.desktop.nicepage.com/Site_268317189/images/Vseidechvsemynaech1.jpg","size":133148,"hash":"jbitJGc/GdmfphhEOxPL2d/lRm4=","fileName":"Vseidechvsemynaech1.jpg","name":"Vseidechvsemynaech1","width":1280,"height":2880,"thumbnail":{"url":"np://user.desktop.nicepage.com/Site_268317189/images/thumbnails/Vseidechvsemynaech1.jpg","width":111,"height":250},"folderId":"user-image-folder-6d949b9a-f19b-ade4-853d-9e32817e00ac","usages":["750504487"]},{"id":"user-image-vochikuvanni.jpg","publicUrl":"np://user.desktop.nicepage.com/Site_268317189/images/vochikuvanni.jpg","size":408834,"hash":"/SDQiinxrYQLUTbjlZgJA1bFShU=","fileName":"vochikuvanni.jpg","name":"vochikuvanni","width":1280,"height":2880,"thumbnail":{"url":"np://user.desktop.nicepage.com/Site_268317189/images/thumbnails/vochikuvanni.jpg","width":111,"height":250},"folderId":"user-image-folder-6d949b9a-f19b-ade4-853d-9e32817e00ac","usages":["750504487"]},{"id":"user-image-saintYrii.jpg","publicUrl":"np://user.desktop.nicepage.com/Site_268317189/images/saintYrii.jpg","size":139803,"hash":"+By78rZSFJsGv5oVhypKPbIBcRo=","fileName":"saintYrii.jpg","name":"saintYrii","width":1280,"height":2880,"thumbnail":{"url":"np://user.desktop.nicepage.com/Site_268317189/images/thumbnails/saintYrii.jpg","width":111,"height":250},"folderId":"user-image-folder-6d949b9a-f19b-ade4-853d-9e32817e00ac","usages":["750504487"]},{"id":"user-image-naprudzennia.jpg","publicUrl":"np://user.desktop.nicepage.com/Site_268317189/images/naprudzennia.jpg","size":250814,"hash":"Us/zaeSV16mJ40q9t0bqwMx+z1k=","fileName":"naprudzennia.jpg","name":"naprudzennia","width":1280,"height":2880,"thumbnail":{"url":"np://user.desktop.nicepage.com/Site_268317189/images/thumbnails/naprudzennia.jpg","width":111,"height":250},"folderId":"user-image-folder-6d949b9a-f19b-ade4-853d-9e32817e00ac","usages":["750504487"]},{"id":"user-image-obmanchik.jpg","publicUrl":"np://user.desktop.nicepage.com/Site_268317189/images/obmanchik.jpg","size":343616,"hash":"jmbEsLm/6U9XmeBFJHW7zS9CAuQ=","fileName":"obmanchik.jpg","name":"obmanchik","width":1280,"height":2880,"thumbnail":{"url":"np://user.desktop.nicepage.com/Site_268317189/images/thumbnails/obmanchik.jpg","width":111,"height":250},"folderId":"user-image-folder-6d949b9a-f19b-ade4-853d-9e32817e00ac","usages":["750504487"]},{"id":"user-image-tishopiznaly.jpg","publicUrl":"np://user.desktop.nicepage.com/Site_268317189/images/tishopiznaly.jpg","size":138371,"hash":"uxiegMsWzP3uwKaRddsG3AAA6ZY=","fileName":"tishopiznaly.jpg","name":"tishopiznaly","width":1280,"height":2880,"thumbnail":{"url":"np://user.desktop.nicepage.com/Site_268317189/images/thumbnails/tishopiznaly.jpg","width":111,"height":250},"folderId":"user-image-folder-6d949b9a-f19b-ade4-853d-9e32817e00ac","usages":["750504487"]},{"id":"user-image-muza.jpg","publicUrl":"np://user.desktop.nicepage.com/Site_268317189/images/muza.jpg","size":449546,"hash":"r2Gw55mET/hxUzetAW4pvDXaP1c=","fileName":"muza.jpg","name":"muza","width":1280,"height":2880,"thumbnail":{"url":"np://user.desktop.nicepage.com/Site_268317189/images/thumbnails/muza.jpg","width":111,"height":250},"folderId":"user-image-folder-023c7b5c-c16f-9ec0-d6a8-fa89998666da","usages":["148307469"]},{"id":"user-image-zyma.jpg","publicUrl":"np://user.desktop.nicepage.com/Site_268317189/images/zyma.jpg","size":486817,"hash":"TlmiZN9YT4Jujr8uomOeUyrYWE4=","fileName":"zyma.jpg","name":"zyma","width":1280,"height":2880,"thumbnail":{"url":"np://user.desktop.nicepage.com/Site_268317189/images/thumbnails/zyma.jpg","width":111,"height":250},"folderId":"user-image-folder-023c7b5c-c16f-9ec0-d6a8-fa89998666da","usages":["148307469"]},{"id":"user-image-zaitcivkushchah.jpg","publicUrl":"np://user.desktop.nicepage.com/Site_268317189/images/zaitcivkushchah.jpg","size":323306,"hash":"a5uHvk360ksk4FdD5hQP/tJj3O0=","fileName":"zaitcivkushchah.jpg","name":"zaitcivkushchah","width":1280,"height":2880,"thumbnail":{"url":"np://user.desktop.nicepage.com/Site_268317189/images/thumbnails/zaitcivkushchah.jpg","width":111,"height":250},"folderId":"user-image-folder-023c7b5c-c16f-9ec0-d6a8-fa89998666da","usages":["148307469"]},{"id":"user-image-tanec.jpg","publicUrl":"np://user.desktop.nicepage.com/Site_268317189/images/tanec.jpg","size":258903,"hash":"AcDtnpdbVm81xL+Knpdluu6rpFA=","fileName":"tanec.jpg","name":"tanec","width":1280,"height":2880,"thumbnail":{"url":"np://user.desktop.nicepage.com/Site_268317189/images/thumbnails/tanec.jpg","width":111,"height":250},"folderId":"user-image-folder-023c7b5c-c16f-9ec0-d6a8-fa89998666da","usages":["148307469"]},{"id":"user-image-pisnyashpacaukronidereva.jpg","publicUrl":"np://user.desktop.nicepage.com/Site_268317189/images/pisnyashpacaukronidereva.jpg","size":354590,"hash":"nbZbPdkLjeJHmow4m/2rOv/2djY=","fileName":"pisnyashpacaukronidereva.jpg","name":"pisnyashpacaukronidereva","width":1280,"height":2880,"thumbnail":{"url":"np://user.desktop.nicepage.com/Site_268317189/images/thumbnails/pisnyashpacaukronidereva.jpg","width":111,"height":250},"folderId":"user-image-folder-023c7b5c-c16f-9ec0-d6a8-fa89998666da","usages":["148307469"]},{"id":"user-image-michvovkomisovoiy.jpg","publicUrl":"np://user.desktop.nicepage.com/Site_268317189/images/michvovkomisovoiy.jpg","size":285382,"hash":"DHNk5vXUK0ekJN+ssYQfMIOtO9k=","fileName":"michvovkomisovoiy.jpg","name":"michvovkomisovoiy","width":1280,"height":2880,"thumbnail":{"url":"np://user.desktop.nicepage.com/Site_268317189/images/thumbnails/michvovkomisovoiy.jpg","width":111,"height":250},"folderId":"user-image-folder-023c7b5c-c16f-9ec0-d6a8-fa89998666da","usages":["148307469"]},{"id":"user-image-postmodernismohuman.jpg","publicUrl":"np://user.desktop.nicepage.com/Site_268317189/images/postmodernismohuman.jpg","size":276265,"hash":"No+N4PUCL417wab/AwlcZtq6uAM=","fileName":"postmodernismohuman.jpg","name":"postmodernismohuman","width":1280,"height":2880,"thumbnail":{"url":"np://user.desktop.nicepage.com/Site_268317189/images/thumbnails/postmodernismohuman.jpg","width":111,"height":250},"folderId":"user-image-folder-023c7b5c-c16f-9ec0-d6a8-fa89998666da","usages":["148307469"]},{"id":"user-image-vdiachnyierodii.jpg","publicUrl":"np://user.desktop.nicepage.com/Site_268317189/images/vdiachnyierodii.jpg","size":319513,"hash":"+l0CXzqJEVR6Jt1QqKFk5mNhfjc=","fileName":"vdiachnyierodii.jpg","name":"vdiachnyierodii","width":1280,"height":2880,"thumbnail":{"url":"np://user.desktop.nicepage.com/Site_268317189/images/thumbnails/vdiachnyierodii.jpg","width":111,"height":250},"folderId":"user-image-folder-023c7b5c-c16f-9ec0-d6a8-fa89998666da","usages":["148307469"]},{"id":"user-image-Sadpocynutyi.jpg","publicUrl":"np://user.desktop.nicepage.com/Site_268317189/images/Sadpocynutyi.jpg","size":559737,"hash":"O6ynx7F0dYjpaXBZgIBb9lt2ajw=","fileName":"Sadpocynutyi.jpg","name":"Sadpocynutyi","width":1280,"height":2880,"thumbnail":{"url":"np://user.desktop.nicepage.com/Site_268317189/images/thumbnails/Sadpocynutyi.jpg","width":111,"height":250},"folderId":"user-image-folder-023c7b5c-c16f-9ec0-d6a8-fa89998666da","usages":["148307469"]},{"id":"user-image-Maky.jpg","publicUrl":"np://user.desktop.nicepage.com/Site_268317189/images/Maky.jpg","size":525571,"hash":"Yb5cgt8Ftxt1oMWZjH7wGSpkIz0=","fileName":"Maky.jpg","name":"Maky","width":1280,"height":2880,"thumbnail":{"url":"np://user.desktop.nicepage.com/Site_268317189/images/thumbnails/Maky.jpg","width":111,"height":250},"folderId":"user-image-folder-023c7b5c-c16f-9ec0-d6a8-fa89998666da","usages":["148307469"]},{"id":"user-image-Abstractportrait.jpg","publicUrl":"np://user.desktop.nicepage.com/Site_268317189/images/Abstractportrait.jpg","size":647455,"hash":"8vphIBhmFmLZysnnQpLyXPrWuRg=","fileName":"Abstractportrait.jpg","name":"Abstractportrait","width":1280,"height":2880,"thumbnail":{"url":"np://user.desktop.nicepage.com/Site_268317189/images/thumbnails/Abstractportrait.jpg","width":111,"height":250},"folderId":"user-image-folder-023c7b5c-c16f-9ec0-d6a8-fa89998666da","usages":["148307469"]},{"id":"user-image-Bydiak.jpg","publicUrl":"np://user.desktop.nicepage.com/Site_268317189/images/Bydiak.jpg","size":265133,"hash":"xX5WYq8zi3ffJ7o62BYW1s5bjFM=","fileName":"Bydiak.jpg","name":"Bydiak","width":1280,"height":2880,"thumbnail":{"url":"np://user.desktop.nicepage.com/Site_268317189/images/thumbnails/Bydiak.jpg","width":111,"height":250},"folderId":"user-image-folder-023c7b5c-c16f-9ec0-d6a8-fa89998666da","usages":["148307469"]},{"id":"user-image-555614.png","publicUrl":"np://user.desktop.nicepage.com/Site_268317189/images/555614.png","size":410,"hash":"uL3o08YebSEXrvJSUB9kI33ELTQ=","fileName":"555614.png","name":"555614","width":128,"height":128,"thumbnail":{"url":"np://user.desktop.nicepage.com/Site_268317189/images/thumbnails/555614.png","width":128,"height":128,"length":410,"type":"png"},"folderId":"user-image-folder-9383b9ff-e0c2-5488-acab-41cc60189022","usages":[]},{"id":"user-image-mifprocorabelpamiatipreviev.jpg","publicUrl":"np://user.desktop.nicepage.com/Site_268317189/images/mifprocorabelpamiatipreviev.jpg","size":36614,"hash":"rz6yBLdRmz4Gq0/dKpRmGYlquV0=","fileName":"mifprocorabelpamiatipreviev.jpg","name":"mifprocorabelpamiatipreviev","width":1280,"height":343,"thumbnail":{"url":"np://user.desktop.nicepage.com/Site_268317189/images/thumbnails/mifprocorabelpamiatipreviev.jpg","width":250,"height":67},"folderId":"user-image-folder-04f6e47c-207c-06fd-84f6-8c6a8dff1d49","usages":["557015414"]},{"id":"user-image-tvoryrozdumypreviev.jpg","publicUrl":"np://user.desktop.nicepage.com/Site_268317189/images/tvoryrozdumypreviev.jpg","size":32100,"hash":"SVaR6R+uVcN+ECsrDKrGmXyzMPk=","fileName":"tvoryrozdumypreviev.jpg","name":"tvoryrozdumypreviev","width":1280,"height":442,"thumbnail":{"url":"np://user.desktop.nicepage.com/Site_268317189/images/thumbnails/tvoryrozdumypreviev.jpg","width":250,"height":86},"folderId":"user-image-folder-04f6e47c-207c-06fd-84f6-8c6a8dff1d49","usages":["557015414"]},{"id":"user-image-Pershavchytelkapreviev.jpg","publicUrl":"np://user.desktop.nicepage.com/Site_268317189/images/Pershavchytelkapreviev.jpg","size":206608,"hash":"CRY/QWbCM3Kf4SMCDJ7dwn0Ybig=","fileName":"Pershavchytelkapreviev.jpg","name":"Pershavchytelkapreviev","width":1280,"height":442,"thumbnail":{"url":"np://user.desktop.nicepage.com/Site_268317189/images/thumbnails/Pershavchytelkapreviev.jpg","width":250,"height":86},"folderId":"user-image-folder-04f6e47c-207c-06fd-84f6-8c6a8dff1d49","usages":["557015414"]},{"id":"user-image-Newclassicart.jpg","publicUrl":"np://user.desktop.nicepage.com/Site_268317189/images/Newclassicart.jpg","size":57474,"hash":"JAaEujHsG4fWg2PWm4gsWPtovmo=","fileName":"Newclassicart.jpg","name":"Newclassicart","width":1280,"height":343,"thumbnail":{"url":"np://user.desktop.nicepage.com/Site_268317189/images/thumbnails/Newclassicart.jpg","width":250,"height":67},"folderId":"user-image-folder-04f6e47c-207c-06fd-84f6-8c6a8dff1d49","usages":["557015414"]},{"id":"user-image-derevopreviev.jpg","publicUrl":"np://user.desktop.nicepage.com/Site_268317189/images/derevopreviev.jpg","size":117117,"hash":"XXylVZDRf5hqaPmTU/PwOZg63bE=","fileName":"derevopreviev.jpg","name":"derevopreviev","width":1280,"height":442,"thumbnail":{"url":"np://user.desktop.nicepage.com/Site_268317189/images/thumbnails/derevopreviev.jpg","width":250,"height":86},"folderId":"user-image-folder-04f6e47c-207c-06fd-84f6-8c6a8dff1d49","usages":["557015414"]},{"id":"user-image-GifPromo.gif","publicUrl":"np://user.desktop.nicepage.com/Site_268317189/images/GifPromo.gif","size":8146442,"hash":"BdLZkkxKPqWcKu1M2iDrklFZQYY=","fileName":"GifPromo.gif","name":"GifPromo","width":1280,"height":720,"thumbnail":{"url":"np://user.desktop.nicepage.com/Site_268317189/images/thumbnails/GifPromo.gif","width":250,"height":141},"folderId":"user-image-folder-9383b9ff-e0c2-5488-acab-41cc60189022","usages":["137141871"]},{"id":"user-image-330425.png","publicUrl":"np://user.desktop.nicepage.com/Site_268317189/images/330425.png","size":5857,"hash":"SiPGAgXd0B8FW3QTzYCTAZGbxfk=","fileName":"330425.png","name":"330425","width":128,"height":128,"thumbnail":{"url":"np://user.desktop.nicepage.com/Site_268317189/images/thumbnails/330425.png","width":128,"height":128,"length":5857,"type":"png"},"folderId":"user-image-folder-9383b9ff-e0c2-5488-acab-41cc60189022","usages":[]},{"id":"user-image-PershavchytelkavparkuskulpturSumDPU.jpg","publicUrl":"np://user.desktop.nicepage.com/Site_268317189/images/PershavchytelkavparkuskulpturSumDPU.jpg","size":300461,"hash":"JGOkLbdxZMa7Z+X4HocvufHi+8M=","fileName":"PershavchytelkavparkuskulpturSumDPU.jpg","name":"PershavchytelkavparkuskulpturSumDPU","width":1280,"height":843,"thumbnail":{"url":"np://user.desktop.nicepage.com/Site_268317189/images/thumbnails/PershavchytelkavparkuskulpturSumDPU.jpg","width":250,"height":165},"folderId":null,"usages":["683020537"]},{"id":"user-image-folder-6d949b9a-f19b-ade4-853d-9e32817e00ac","isFolder":true,"title":"thoughts","folderId":null,"count":6,"usages":[]},{"id":"user-image-folder-023c7b5c-c16f-9ec0-d6a8-fa89998666da","isFolder":true,"title":"wood","folderId":null,"count":12,"usages":[]},{"id":"user-image-folder-04f6e47c-207c-06fd-84f6-8c6a8dff1d49","isFolder":true,"title":"exposure","folderId":null,"count":5,"usages":[]},{"id":"user-image-folder-9383b9ff-e0c2-5488-acab-41cc60189022","isFolder":true,"title":"Номе","folderId":null,"count":3,"usages":[]},{"id":"user-image-folder-218d6d4f-89eb-aa28-f0f1-860557bd10ad","isFolder":true,"title":"Myth","folderId":null,"count":8,"usages":[]},{"id":"user-image-folder-83233f52-e1c9-149c-367c-27007b3a6b6c","isFolder":true,"title":"Park sculpture","folderId":null,"count":6,"usages":[]},{"id":"user-image-folder-4f5348b9-a786-1e4b-66d1-a6b2fd3d26f0","isFolder":true,"title":"NewClassicalArt","folderId":null,"count":7,"usages":[]}]