[{"id":204978990,"title":"Blog Template","order":1,"templateKey":"blog","customTemplate":false,"customTemplateFilename":null,"pageLinks":[],"dateCreated":"2025-11-22T13:20:47.434Z","dateUpdated":"2025-11-22T13:20:48.402Z","folderId":null,"pageName":"Blog Template","serverPageId":null,"sectionCount":1,"status":2,"backwardUrl":null},{"id":251114795,"title":"Post Template","order":2,"templateKey":"post","customTemplate":false,"customTemplateFilename":null,"pageLinks":[],"dateCreated":"2025-11-22T13:20:47.518Z","dateUpdated":"2025-11-22T13:20:48.402Z","folderId":null,"pageName":"Post Template","serverPageId":null,"sectionCount":1,"status":2,"backwardUrl":null},{"id":75593930,"title":"Product List Template","order":3,"templateKey":"products","customTemplate":false,"customTemplateFilename":null,"pageLinks":[],"dateCreated":"2025-11-22T13:20:47.606Z","dateUpdated":"2025-11-22T13:20:48.402Z","folderId":null,"pageName":"Product List Template","serverPageId":null,"sectionCount":1,"status":2,"backwardUrl":null},{"id":1273424255,"title":"Product Details Template","order":4,"templateKey":"product","customTemplate":false,"customTemplateFilename":null,"pageLinks":[],"dateCreated":"2025-11-22T13:20:47.702Z","dateUpdated":"2025-11-22T13:20:48.403Z","folderId":null,"pageName":"Product Details Template","serverPageId":null,"sectionCount":1,"status":2,"backwardUrl":null},{"id":80900316,"title":"Shopping Cart Template","order":5,"templateKey":"cart","customTemplate":false,"customTemplateFilename":null,"pageLinks":[],"dateCreated":"2025-11-22T13:20:47.785Z","dateUpdated":"2025-11-22T13:20:48.403Z","folderId":null,"pageName":"Shopping Cart Template","serverPageId":null,"sectionCount":1,"status":2,"backwardUrl":null},{"id":64937718,"title":"Checkout Template","order":6,"templateKey":"checkout","customTemplate":false,"customTemplateFilename":null,"pageLinks":[],"dateCreated":"2025-11-22T13:20:47.894Z","dateUpdated":"2025-11-22T13:20:48.403Z","folderId":null,"pageName":"Checkout Template","serverPageId":null,"sectionCount":1,"status":2,"backwardUrl":null},{"id":656204544,"title":"Login Template","order":7,"templateKey":"login","customTemplate":false,"customTemplateFilename":null,"pageLinks":[],"dateCreated":"2025-11-22T13:20:47.966Z","dateUpdated":"2025-11-22T13:20:48.403Z","folderId":null,"pageName":"Login Template","serverPageId":null,"sectionCount":1,"status":2,"backwardUrl":null},{"id":228521085,"title":"Search Page Template","order":8,"templateKey":"Search","customTemplate":false,"customTemplateFilename":null,"pageLinks":[],"dateCreated":"2025-11-22T13:20:48.018Z","dateUpdated":"2025-11-22T13:20:48.403Z","folderId":null,"pageName":"Search Page Template","serverPageId":null,"sectionCount":1,"status":2,"backwardUrl":null},{"id":2482021663,"title":"Page Password Template","order":9,"templateKey":"password","customTemplate":false,"customTemplateFilename":null,"pageLinks":[],"dateCreated":"2025-11-22T13:20:48.075Z","dateUpdated":"2025-11-22T13:20:48.403Z","folderId":null,"pageName":"Page Password Template","serverPageId":null,"sectionCount":1,"status":2,"backwardUrl":null},{"id":211176139,"title":"404 Not Found Template","order":10,"templateKey":"404","customTemplate":false,"customTemplateFilename":null,"pageLinks":[],"dateCreated":"2025-11-22T13:20:48.125Z","dateUpdated":"2025-11-22T13:20:48.403Z","folderId":null,"pageName":"404 Not Found Template","serverPageId":null,"sectionCount":1,"status":2,"backwardUrl":null},{"id":871613768,"title":"Thank You Page Template","order":11,"templateKey":"ThankYou","customTemplate":false,"customTemplateFilename":null,"pageLinks":[],"dateCreated":"2025-11-22T13:20:48.166Z","dateUpdated":"2025-11-22T13:20:48.403Z","folderId":null,"pageName":"Thank You Page Template","serverPageId":null,"sectionCount":1,"status":2,"backwardUrl":null},{"id":137141871,"title":"Andrii Nikiforov","order":12,"templateKey":null,"customTemplate":false,"customTemplateFilename":null,"pageLinks":[],"dateCreated":"2025-11-22T13:22:39.906Z","dateUpdated":"2025-11-26T23:06:59.279Z","folderId":null,"pageName":"Andrii Nikiforov_137141871","serverPageId":null,"sectionCount":1,"status":2,"backwardUrl":null},{"id":557015414,"title":"Exposure","order":13,"templateKey":null,"customTemplate":false,"customTemplateFilename":null,"pageLinks":["2739498","683020537","36940349","750504487","148307469"],"dateCreated":"2025-11-22T13:22:45.738Z","dateUpdated":"2025-11-26T22:50:39.671Z","folderId":null,"pageName":"Exposure_557015414","serverPageId":null,"sectionCount":5,"status":2,"backwardUrl":null},{"id":43898115,"title":"About me","order":15,"templateKey":null,"customTemplate":false,"customTemplateFilename":null,"pageLinks":[],"dateCreated":"2025-11-22T13:22:50.837Z","dateUpdated":"2025-11-28T19:35:15.593Z","folderId":null,"pageName":"About me_43898115","serverPageId":null,"sectionCount":2,"status":2,"backwardUrl":null},{"id":148307469,"title":"Wood","order":16,"templateKey":null,"customTemplate":false,"customTemplateFilename":null,"pageLinks":[],"dateCreated":"2025-11-22T17:38:57.321Z","dateUpdated":"2025-11-26T23:00:52.255Z","folderId":null,"pageName":"Wood_148307469","serverPageId":null,"sectionCount":1,"status":2,"backwardUrl":null},{"id":750504487,"title":"thoughts","order":17,"templateKey":null,"customTemplate":false,"customTemplateFilename":null,"pageLinks":[],"dateCreated":"2025-11-22T23:02:40.094Z","dateUpdated":"2025-11-26T22:59:35.048Z","folderId":null,"pageName":"thoughts_750504487","serverPageId":null,"sectionCount":1,"status":2,"backwardUrl":null},{"id":36940349,"title":"Mith","order":18,"templateKey":null,"customTemplate":false,"customTemplateFilename":null,"pageLinks":[],"dateCreated":"2025-11-22T23:35:54.607Z","dateUpdated":"2025-11-26T22:53:01.164Z","folderId":null,"pageName":"Mith_36940349","serverPageId":null,"sectionCount":4,"status":2,"backwardUrl":null},{"id":683020537,"title":"Park sculpture","order":19,"templateKey":null,"customTemplate":false,"customTemplateFilename":null,"pageLinks":[],"dateCreated":"2025-11-23T14:29:10.696Z","dateUpdated":"2025-11-26T22:56:40.520Z","folderId":null,"pageName":"Park sculpture_683020537","serverPageId":null,"sectionCount":3,"status":2,"backwardUrl":null},{"id":2739498,"title":"NewClassicalArt","order":20,"templateKey":null,"customTemplate":false,"customTemplateFilename":null,"pageLinks":[],"dateCreated":"2025-11-24T21:21:26.515Z","dateUpdated":"2025-11-26T22:54:45.685Z","folderId":null,"pageName":"NewClassicalArt_2739498","serverPageId":null,"sectionCount":4,"status":2,"backwardUrl":null},{"id":875317308,"title":"articles","order":21,"templateKey":null,"customTemplate":false,"customTemplateFilename":null,"pageLinks":["614417505","63440222"],"dateCreated":"2025-11-25T07:31:04.008Z","dateUpdated":"2025-11-26T23:08:21.496Z","folderId":null,"pageName":"articles_875317308","serverPageId":null,"sectionCount":6,"status":2,"backwardUrl":null},{"id":614417505,"title":"Five lines","order":23,"templateKey":null,"customTemplate":false,"customTemplateFilename":null,"pageLinks":[],"dateCreated":"2025-11-25T08:26:02.375Z","dateUpdated":"2025-11-26T22:51:32.353Z","folderId":null,"pageName":"Five lines_614417505","serverPageId":null,"sectionCount":2,"status":2,"backwardUrl":null},{"id":63440222,"title":"The first","order":24,"templateKey":null,"customTemplate":false,"customTemplateFilename":null,"pageLinks":[],"dateCreated":"2025-11-25T10:47:59.843Z","dateUpdated":"2025-11-26T22:57:51.207Z","folderId":null,"pageName":"The first_63440222","serverPageId":null,"sectionCount":3,"status":2,"backwardUrl":null},{"id":64297552,"title":"exhibition-myth","order":25,"templateKey":null,"customTemplate":false,"customTemplateFilename":null,"pageLinks":[],"dateCreated":"2025-11-25T12:41:29.639Z","dateUpdated":"2025-11-28T19:33:07.973Z","folderId":null,"pageName":"exhibition-myth_64297552","serverPageId":null,"sectionCount":9,"status":2,"backwardUrl":null}]